名カナ,生年月日,退職日,,,,有休
ハルカ,1992/09/21,,,,,0.0
アリサ,1993/04/27,,,,,0.0
ユウキ,1985/10/07,,,,,0.0
リサ,1994/05/16,,,,,0.0
マキ,1993/07/28,,,,,0.0
,1999/05/06,,,,,0.0
チハル,1977/02/03,,,,,0.0
ミキコ,1970/04/15,,,,,0.0
クミ,2000/03/22,,,,,0.0
ハルオ,1940/01/04,,,,,10.0
マサコ,1932/11/07,,,,,10.0
マコト,1942/09/15,,,,,10.0
ゼンキチ,1958/05/23,,,,,10.0
ハルコ,1993/05/26,,,,,10.0
ホノカ,1990/02/11,,,,,10.0
マカナ,2016/09/01,,,,,10.0
ユウゾウ,1967/06/01,,,,,10.0
タツオ,1992/03/11,,,,,10.0
ユウジ,1953/07/05,,,,,10.0
ユキヒト,1937/03/09,,,,,10.0
マユミ,1931/09/01,,,,,10.0
ヒロユキ,1930/09/13,,,,,10.0
ハルヤ,2007/01/30,,,,,10.0
ユウゾウ,1948/03/04,,,,,10.0
エミ,2006/01/19,,,,,10.0
マサユキ,1956/12/24,,,,,10.0
ヨシヒサ,1997/01/18,,,,,10.0
ハルナ,1933/07/24,,,,,10.0
ナナ,1964/02/19,,,,,10.0
カズマ,2015/05/03,,,,,10.0
タケシ,1993/04/01,,,,,10.0
ヒサオ,1971/10/21,,,,,10.0
セイジ,1965/07/28,,,,,10.0
タカシ,1945/06/25,,,,,10.0
コウユウ,2010/07/30,,,,,10.0
ノブコ,1954/12/30,,,,,10.0
ヨシオ,2011/03/01,,,,,10.0
トシオ,1943/01/15,,,,,10.0
タケオ,1978/09/01,,,,,10.0
ユイナ,1967/03/17,,,,,10.0
レンカ,2016/05/07,,,,,10.0
タケシ,1926/05/20,,,,,10.0
ナギサ,1997/04/24,,,,,10.0
モモエ,1932/08/09,,,,,10.0
ヤスシ,1988/07/05,,,,,10.0
レイカ,1924/01/27,,,,,10.0
ソウガ,2008/01/24,,,,,10.0
ヒサオ,1989/09/07,,,,,10.0
ケイジ,1999/05/23,,,,,10.0
ユウジ,1994/01/21,,,,,10.0
コウジ,1973/04/22,,,,,10.0
アユミ,1957/01/19,,,,,10.0
フユネ,2009/09/28,,,,,10.0
トシアキ,1965/06/09,,,,,10.0
カズミ,1922/06/03,,,,,10.0
ヒカル,1929/05/07,,,,,10.0
ユイカ,2009/01/30,,,,,10.0
サナ,1940/01/14,,,,,10.0
イトラ,2014/12/30,,,,,10.0
ナナ,1969/09/14,,,,,10.0
キミ,1925/11/13,,,,,10.0
ユウジ,1940/02/29,,,,,10.0
ホズミ,2012/05/11,,,,,10.0
アオイ,1991/05/02,,,,,10.0
ミオ,1925/08/08,,,,,10.0
ミカ,1941/03/15,,,,,10.0
マサト,1974/10/10,,,,,10.0
キイチロウ,1932/01/14,,,,,10.0
ツカサ,1923/08/15,,,,,10.0
ナツミ,2004/07/12,,,,,10.0
マコト,1969/01/14,,,,,10.0
トモコ,1949/10/11,,,,,10.0
リナ,2009/09/21,,,,,10.0
フミオ,1948/10/26,,,,,10.0
レナ,1955/07/02,,,,,10.0
ノリコ,1936/12/08,,,,,10.0
トシユキ,1987/12/14,,,,,10.0
カイチ,1991/10/21,,,,,10.0
ユイナ,1985/04/04,,,,,10.0
マユミ,1984/10/02,,,,,10.0
ハルト,2003/03/26,,,,,10.0
リキオ,1951/12/08,,,,,10.0
リツコ,2016/02/02,,,,,10.0
ミツヒコ,1950/03/31,,,,,10.0
ナミ,1932/12/26,,,,,10.0
マコト,1927/11/05,,,,,10.0
テツロウ,1946/09/17,,,,,10.0
サヤカ,1925/05/15,,,,,10.0
キヨシ,1941/02/20,,,,,10.0
アツコ,1932/08/26,,,,,10.0
ワカバ,1949/07/03,,,,,10.0
リキオ,1961/09/26,,,,,10.0
ニチホ,2012/01/06,,,,,10.0
カツミ,1974/04/10,,,,,10.0
ケイショウ,2007/04/21,,,,,10.0
ユイ,1947/11/23,,,,,10.0
ヒデユキ,1947/03/24,,,,,10.0
ユミ,1966/11/08,,,,,10.0
トラオ,1964/01/05,,,,,10.0
テツオ,1932/05/17,,,,,10.0
アキコ,1929/07/23,,,,,10.0
タカシ,1993/09/12,,,,,10.0
リオ,1987/10/15,,,,,10.0
フミオ,1989/11/25,,,,,10.0
ユキ,1926/07/12,,,,,10.0
タツユキ,1993/05/03,,,,,10.0
ルイ,2004/08/22,,,,,10.0
ユミ,1942/02/09,,,,,10.0
アンジュ,1941/10/27,,,,,10.0
アカリ,1942/01/15,,,,,10.0
ユウキ,1998/04/07,,,,,10.0
シゲキ,1940/04/14,,,,,10.0
トキコ,1952/07/20,,,,,10.0
マナ,1993/11/29,,,,,10.0
マサキチ,1987/05/19,,,,,10.0
カオル,1941/04/12,,,,,10.0
ショウジ,1949/02/27,,,,,10.0
フミネ,2012/11/16,,,,,10.0
ユウイチ,1928/10/25,,,,,10.0
カツミ,1924/09/12,,,,,10.0
エイイチロウ,1977/01/26,,,,,10.0
アイコ,1932/03/26,,,,,10.0
ヒロシ,1927/12/01,,,,,10.0
マサキ,2015/11/27,,,,,10.0
アカネ,1946/04/28,,,,,10.0
キミオ,1966/01/08,,,,,10.0
ヒユウ,2010/03/04,,,,,10.0
ヨシユキ,1934/03/28,,,,,10.0
リカ,1936/04/09,,,,,10.0
オトハ,1929/06/07,,,,,10.0
コトハ,1926/05/02,,,,,10.0
ルカ,2013/11/19,,,,,10.0
カズコ,1923/05/13,,,,,10.0
リョウセイ,2017/12/04,,,,,10.0
フミカ,1980/09/05,,,,,10.0
タカシ,1926/11/05,,,,,10.0
オトメ,2007/11/17,,,,,10.0
アマネ,2010/02/01,,,,,10.0
トヨジ,1921/11/07,,,,,10.0
アユミ,1998/12/20,,,,,10.0
サキ,1954/12/14,,,,,10.0
ケンキチ,1988/04/11,,,,,10.0
アキオ,1954/12/23,,,,,10.0
コウケン,2019/07/26,,,,,10.0
タツオ,1954/06/30,,,,,10.0
マナ,1984/11/20,,,,,10.0
マナミ,2001/07/25,,,,,10.0
タカオ,1923/12/15,,,,,10.0
ショウキ,2016/12/27,,,,,10.0
ショウイチ,1958/11/11,,,,,10.0
シノ,1952/02/20,,,,,10.0
アカネ,1972/04/02,,,,,10.0
ケイシ,1994/06/29,,,,,10.0
ユキ,1978/01/22,,,,,10.0
キヨコ,1990/01/16,,,,,10.0
エツヤ,1936/09/23,,,,,10.0
クルミ,1943/05/16,,,,,10.0
マサオ,2003/02/25,,,,,10.0
シズカ,1985/08/27,,,,,10.0
マサコ,1926/06/29,,,,,10.0
リオ,1970/12/30,,,,,10.0
ココナ,2004/02/12,,,,,10.0
モモカ,1946/08/01,,,,,10.0
シロウ,1999/03/17,,,,,10.0
ノゾミ,1975/03/09,,,,,10.0
シゲル,1943/08/02,,,,,10.0
アユリ,1998/01/14,,,,,10.0
ヒロコ,1975/08/15,,,,,10.0
トモヨ,1963/06/24,,,,,10.0
カリン,2017/12/09,,,,,10.0
アユミ,1999/04/21,,,,,10.0
タケオ,1936/05/29,,,,,10.0
カズヒロ,1929/07/12,,,,,10.0
アイナ,1950/11/06,,,,,10.0
ギンゾウ,1969/07/12,,,,,10.0
ユウカ,1946/02/14,,,,,10.0
アオイ,1996/11/10,,,,,10.0
シンキチ,2006/08/07,,,,,10.0
リュウノスケ,2018/02/12,,,,,10.0
アヤノ,1995/02/02,,,,,10.0
チヨノ,1968/09/10,,,,,10.0
ヤスオ,1957/08/09,,,,,10.0
イクコ,1934/08/17,,,,,10.0
フミタカ,1950/07/12,,,,,10.0
アンナ,1996/08/28,,,,,10.0
ミユキ,1929/12/19,,,,,10.0
トシオ,1934/12/17,,,,,10.0
ハルオ,2016/06/08,,,,,10.0
トシエ,1935/05/27,,,,,10.0
オウカ,1938/01/08,,,,,10.0
ミツノブ,1972/11/16,,,,,10.0
ヨシオ,1969/12/07,,,,,10.0
シオリ,2002/12/03,,,,,10.0
ナズナ,2019/06/21,,,,,10.0
ショウゴ,1951/01/08,,,,,10.0
シュウイチ,1980/10/21,,,,,10.0
マサノブ,1952/01/05,,,,,10.0
ゲンキ,2009/12/12,,,,,10.0
イクヨ,2007/05/22,,,,,10.0
アキトモ,1968/01/20,,,,,10.0
サタロウ,1941/06/05,,,,,10.0
ユキノ,2019/01/01,,,,,10.0
イク,1998/01/28,,,,,10.0
リョウタ,1950/09/21,,,,,10.0
アサミ,1985/07/02,,,,,10.0
フミネ,2017/08/04,,,,,10.0
リコ,1996/11/21,,,,,10.0
ハルシ,1946/02/18,,,,,10.0
カホ,1985/09/28,,,,,10.0
アツシ,2017/05/22,,,,,10.0
マサヒロ,1955/04/24,,,,,10.0
カズヒロ,1964/03/24,,,,,10.0
トワ,2014/02/22,,,,,10.0
ハルカ,1961/06/10,,,,,10.0
リノ,1926/08/24,,,,,10.0
ハヤト,1953/01/25,,,,,10.0
ナナ,1988/07/27,,,,,10.0
ナオキ,1964/03/17,,,,,10.0
ヤスオ,1967/08/26,,,,,10.0
トヨアキ,1935/05/27,,,,,10.0
タダハル,1927/09/06,,,,,10.0
カホ,1991/01/15,,,,,10.0
トクミ,1963/03/25,,,,,10.0
ヒロアキ,1922/05/12,,,,,10.0
シオリ,1983/08/18,,,,,10.0
サナ,2018/12/23,,,,,10.0
アンナ,1976/02/03,,,,,10.0
コウジ,1959/12/11,,,,,10.0
ヒサシ,2002/07/24,,,,,10.0
ヒデオ,1985/06/26,,,,,10.0
ヒロコ,1982/04/26,,,,,10.0
アカリ,1989/08/04,,,,,10.0
ケンジロウ,1962/11/03,,,,,10.0
ユメ,1965/09/22,,,,,10.0
トミコ,1921/08/07,,,,,10.0
ハルオ,1995/06/30,,,,,10.0
ジンイチ,1960/10/01,,,,,10.0
ヤスフミ,1991/04/12,,,,,10.0
ヒマリ,1993/01/24,,,,,10.0
アイナ,1986/11/08,,,,,10.0
ヒデハル,1928/01/23,,,,,10.0
ヒマリ,2005/01/23,,,,,10.0
ルナ,1921/08/18,,,,,10.0
ヒマリ,2017/12/22,,,,,10.0
マサエ,1932/06/10,,,,,10.0
ハヅキ,2000/05/25,,,,,10.0
ショウイチロウ,1945/04/10,,,,,10.0
シュウコ,1954/07/04,,,,,10.0
タマキ,1947/06/13,,,,,10.0
マオ,2001/08/28,,,,,10.0
ハルヤス,1948/03/15,,,,,10.0
ヨウコ,1966/11/04,,,,,10.0
カオリ,1973/03/23,,,,,10.0
レイコ,1951/01/05,,,,,10.0
ナオ,1973/07/07,,,,,10.0
ユウタ,2010/07/23,,,,,10.0
エイゾウ,1924/07/16,,,,,10.0
エツヤ,1966/09/22,,,,,10.0
レン,1944/08/28,,,,,10.0
アマト,2003/05/07,,,,,10.0
イッケイ,2000/01/02,,,,,10.0
イッセイ,1999/05/23,,,,,10.0
コウイチ,1928/05/08,,,,,10.0
タダオ,1966/02/15,,,,,10.0
ヒロコ,1975/03/08,,,,,10.0
ヒロノブ,1982/03/17,,,,,10.0
スミエ,1965/03/11,,,,,10.0
マヤ,1961/10/06,,,,,10.0
モリヒロ,1931/12/03,,,,,10.0
ユウジ,1930/09/14,,,,,10.0
カホ,2004/06/21,,,,,10.0
モエナ,2005/05/06,,,,,10.0
アユ,1936/04/20,,,,,10.0
ワジマ,1938/03/06,,,,,10.0
シロウ,1960/03/19,,,,,10.0
サヤカ,1971/10/12,,,,,10.0
テイジ,1946/12/27,,,,,10.0
ユウナ,1960/05/08,,,,,10.0
カザネ,2018/01/06,,,,,10.0
アヤカ,1950/04/10,,,,,10.0
サキチ,1948/11/21,,,,,10.0
ユウジ,1924/11/13,,,,,10.0
ユキエ,1990/02/20,,,,,10.0
ネネ,1951/04/23,,,,,10.0
イチカ,1992/08/08,,,,,10.0
フミヒコ,1953/04/02,,,,,10.0
キョウコ,1973/01/26,,,,,10.0
サトミ,1924/04/21,,,,,10.0
シュンジ,1990/09/16,,,,,10.0
リョウ,1924/07/13,,,,,10.0
リカ,1943/01/02,,,,,10.0
エツヨ,1955/10/24,,,,,10.0
アイコ,1934/03/16,,,,,10.0
アツシ,1930/05/01,,,,,10.0
アン,1940/05/16,,,,,10.0
ヒトシ,1970/05/16,,,,,10.0
マサユキ,1922/07/03,,,,,10.0
カツヤ,1968/06/14,,,,,10.0
モモカ,1945/12/09,,,,,10.0
ヨウジ,1925/12/24,,,,,10.0
ユラ,1932/12/18,,,,,10.0
エイサク,1927/02/16,,,,,10.0
リサ,1953/08/15,,,,,10.0
ルミコ,1958/07/16,,,,,10.0
リエコ,2000/07/05,,,,,10.0
リサ,1977/08/14,,,,,10.0
アンナ,1949/08/17,,,,,10.0
ユウコ,1927/02/10,,,,,10.0
チサキ,1999/01/10,,,,,10.0
リオ,1974/11/19,,,,,10.0
メイ,1999/06/04,,,,,10.0
ミカ,1946/04/19,,,,,10.0
サユリ,1987/12/19,,,,,10.0
シンジ,1997/11/10,,,,,10.0
ナルキ,2012/09/15,,,,,10.0
サクラコ,1992/07/27,,,,,10.0
コハル,1985/05/16,,,,,10.0
リオン,1987/04/12,,,,,10.0
イロハ,2010/05/03,,,,,10.0
ヨシミ,1929/02/23,,,,,10.0
セリカ,2017/07/03,,,,,10.0
ヒナノ,1948/03/21,,,,,10.0
リン,1984/02/09,,,,,10.0
ヒロトシ,1930/03/21,,,,,10.0
カズヒコ,1947/09/14,,,,,10.0
トモミ,1977/11/12,,,,,10.0
エイザブロウ,1925/04/19,,,,,10.0
ユイ,1982/08/28,,,,,10.0
コトネ,1995/10/26,,,,,10.0
カリン,1946/08/03,,,,,10.0
ミキ,1935/12/27,,,,,10.0
アヤコ,1931/04/23,,,,,10.0
ミレイ,1967/02/24,,,,,10.0
アキコ,1971/10/03,,,,,10.0
ケイコ,1966/05/18,,,,,10.0
トヨアキ,1962/05/23,,,,,10.0
チエコ,1954/06/05,,,,,10.0
ジュン,1946/10/13,,,,,10.0
タキ,2015/02/27,,,,,10.0
レイカ,1934/02/02,,,,,10.0
トクオ,1955/06/01,,,,,10.0
サラサ,1965/07/09,,,,,10.0
ゼンシロウ,1966/05/16,,,,,10.0
ケイコ,1970/05/29,,,,,10.0
ヒナノ,1939/08/19,,,,,10.0
ヒロヒサ,1931/02/23,,,,,10.0
イチコ,2001/11/18,,,,,10.0
トシアキ,1964/05/15,,,,,10.0
ミウ,1978/09/30,,,,,10.0
マサキ,1982/06/10,,,,,10.0
ソウマ,2013/12/13,,,,,10.0
チョウタロウ,1966/03/18,,,,,10.0
ヨシノブ,1978/04/01,,,,,10.0
リサ,1945/09/03,,,,,10.0
クニオ,1992/08/03,,,,,10.0
シゲル,1985/08/06,,,,,10.0
キンサク,1948/02/22,,,,,10.0
ユキ,1975/09/23,,,,,10.0
ユイ,1962/02/16,,,,,10.0
ケイコウ,2009/07/09,,,,,10.0
ヘイキチ,1976/09/07,,,,,10.0
アイカ,1991/04/07,,,,,10.0
テンマ,2010/10/29,,,,,10.0
ナナ,1923/10/12,,,,,10.0
チホ,1922/03/21,,,,,10.0
チョウジロウ,1925/06/23,,,,,10.0
ヨシト,1946/07/28,,,,,10.0
ミチコ,2018/01/18,,,,,10.0
ツカサ,1970/06/25,,,,,10.0
コトナ,2018/10/07,,,,,10.0
シゲユキ,1928/03/15,,,,,10.0
ケン,1972/09/07,,,,,10.0
ネネ,2000/05/09,,,,,10.0
フジコ,1945/06/01,,,,,10.0
キミオ,1980/04/05,,,,,10.0
コウジ,1979/01/01,,,,,10.0
ハツネ,1978/08/25,,,,,10.0
リカ,1968/03/09,,,,,10.0
セイサク,1957/05/10,,,,,10.0
サトシ,1943/06/14,,,,,10.0
シュウト,2002/06/12,,,,,10.0
ココロ,1999/12/15,,,,,10.0
カナコ,1988/08/27,,,,,10.0
マリ,1925/07/09,,,,,10.0
アオイ,1985/02/25,,,,,10.0
ショウジ,1937/04/02,,,,,10.0
アキラ,1954/03/22,,,,,10.0
ノブオ,1967/09/01,,,,,10.0
コハル,2004/01/04,,,,,10.0
ユウヤ,1935/06/25,,,,,10.0
マオ,2001/02/05,,,,,10.0
テルコ,1946/10/27,,,,,10.0
ナツミ,1954/06/19,,,,,10.0
サエ,1922/07/06,,,,,10.0
サヤカ,2012/09/12,,,,,10.0
タマキ,1989/08/20,,,,,10.0
ダイキ,1948/01/30,,,,,10.0
キミコ,1991/12/01,,,,,10.0
ヨシオ,1927/05/18,,,,,10.0
アタル,2005/07/22,,,,,10.0
カンナ,1931/04/18,,,,,10.0
タツオ,1985/04/18,,,,,10.0
アカネ,1950/11/18,,,,,10.0
ミキオ,1954/10/26,,,,,10.0
サキホ,2006/03/09,,,,,10.0
タモツ,1973/09/12,,,,,10.0
ノノカ,1974/02/27,,,,,10.0
ヒナタ,1976/05/18,,,,,10.0
モモカ,1992/08/01,,,,,10.0
ハルカ,1969/03/18,,,,,10.0
タツシ,1925/02/04,,,,,10.0
ヨウコ,1979/05/13,,,,,10.0
サラ,1958/01/09,,,,,10.0
リコ,1975/01/03,,,,,10.0
リョウタロウ,1998/01/26,,,,,10.0
シホ,1996/04/17,,,,,10.0
サキコ,1960/04/30,,,,,10.0
アイカ,1923/02/08,,,,,10.0
サラ,1980/07/24,,,,,10.0
ヨシオ,1994/05/28,,,,,10.0
アオノ,1992/07/28,,,,,10.0
メミ,2014/02/07,,,,,10.0
ミハル,1979/06/15,,,,,10.0
ココロ,2007/07/30,,,,,10.0
リサ,1956/07/26,,,,,10.0
サキ,1936/02/16,,,,,10.0
アユミ,1948/08/06,,,,,10.0
アヤネ,1975/04/30,,,,,10.0
トシアキ,1957/07/25,,,,,10.0
ネネ,1951/05/30,,,,,10.0
ヨウコ,1981/10/26,,,,,10.0
ヤスコ,1971/05/28,,,,,10.0
トクジロウ,1932/08/01,,,,,10.0
リンカ,1953/05/20,,,,,10.0
リクヤ,2009/06/09,,,,,10.0
フミネ,2014/07/09,,,,,10.0
ハナ,1963/02/16,,,,,10.0
キハル,2001/09/21,,,,,10.0
ヨシオ,2003/02/27,,,,,10.0
コウジ,1924/08/08,,,,,10.0
アマネ,1973/11/19,,,,,10.0
リョウジ,1943/10/15,,,,,10.0
レオ,1997/09/16,,,,,10.0
ユキ,1968/04/04,,,,,10.0
ユウゾウ,1979/03/03,,,,,10.0
カズヒロ,1944/01/06,,,,,10.0
サヤカ,1950/09/25,,,,,10.0
ユウコ,1952/08/11,,,,,10.0
ショウイチロウ,1963/12/05,,,,,10.0
カズヨシ,1963/06/07,,,,,10.0
トシロウ,1973/01/11,,,,,10.0
カオル,1925/08/05,,,,,10.0
レン,1993/01/03,,,,,10.0
ヒロフミ,1965/02/03,,,,,10.0
アヤネ,2017/07/15,,,,,10.0
テルオ,1927/10/07,,,,,10.0
カホコ,2015/08/29,,,,,10.0
ヨシノブ,1971/01/01,,,,,10.0
ヤスオ,1964/01/09,,,,,10.0
タダミチ,1993/05/08,,,,,10.0
セイジ,1949/11/25,,,,,10.0
ショウゾウ,2001/09/03,,,,,10.0
ナオ,1928/04/17,,,,,10.0
ヒデヨ,1962/12/05,,,,,10.0
トシオ,1996/10/18,,,,,10.0
ユウキ,1929/11/06,,,,,10.0
アイカ,1958/02/05,,,,,10.0
ショウゴ,1981/08/30,,,,,10.0
ハルカ,1964/03/06,,,,,10.0
イチル,2016/07/29,,,,,10.0
リク,2013/10/10,,,,,10.0
ツギオ,1963/05/17,,,,,10.0
キミ,1979/07/06,,,,,10.0
モモカ,2018/01/17,,,,,10.0
ミユ,1977/06/22,,,,,10.0
フウコ,1992/04/28,,,,,10.0
ヒサシ,1967/11/04,,,,,10.0
ルナ,1950/12/05,,,,,10.0
マサヒロ,1951/02/15,,,,,10.0
ハルナ,1943/02/03,,,,,10.0
カイト,1940/05/15,,,,,10.0
コウメ,1984/08/17,,,,,10.0
シズク,1997/03/13,,,,,10.0
ユラ,1930/05/31,,,,,10.0
イサオ,2001/02/16,,,,,10.0
アツヒコ,2001/06/30,,,,,10.0
マツリ,2015/03/09,,,,,10.0
ユキエ,2012/02/10,,,,,10.0
サキ,1983/09/02,,,,,10.0
カズヤ,1954/12/14,,,,,10.0
ショウダイ,2015/01/26,,,,,10.0
キンジ,1941/06/30,,,,,10.0
レイ,1949/01/12,,,,,10.0
シンヤ,1926/05/29,,,,,10.0
カレン,1924/05/23,,,,,10.0
ミナ,1946/03/09,,,,,10.0
ケイジュ,2014/04/29,,,,,10.0
タイスケ,2016/07/12,,,,,10.0
ハル,1986/02/07,,,,,10.0
ナナカ,2015/09/16,,,,,10.0
リホ,1943/04/11,,,,,10.0
サヤカ,1960/01/21,,,,,10.0
エリコ,1939/08/27,,,,,10.0
チヅル,1963/06/11,,,,,10.0
ヤスオ,1980/07/16,,,,,10.0
クミ,2015/01/24,,,,,10.0
ヒマリ,2002/04/09,,,,,10.0
アユム,2020/04/23,,,,,10.0
ノブユキ,1936/04/07,,,,,10.0
シホ,2015/10/21,,,,,10.0
,,,,,,0.0
ハルキ,2005/08/08,,,,,10.0
ココミ,1989/03/06,,,,,10.0
ミホ,1988/04/21,,,,,10.0
ススム,1975/09/23,,,,,10.0
フジオ,1941/10/12,,,,,10.0
ハルカ,1966/01/11,,,,,10.0
タイゾウ,1996/06/01,,,,,10.0
オウカ,1961/04/11,,,,,10.0
オウカ,2003/06/30,,,,,10.0
トワ,2016/07/27,,,,,10.0
カズヒデ,1960/09/28,,,,,10.0
タクオ,1977/11/14,,,,,10.0
テイジ,1988/01/10,,,,,10.0
ハナコ,1973/06/30,,,,,10.0
キチノスケ,1957/04/01,,,,,10.0
コウジ,1938/03/05,,,,,10.0
シホ,1984/06/24,,,,,10.0
コトネ,2013/03/25,,,,,10.0
フミオ,1923/06/11,,,,,10.0
ハルカ,1979/06/03,,,,,10.0
ユウジ,1966/06/06,,,,,10.0
ケン,1925/09/08,,,,,10.0
マサヒロ,1968/08/12,,,,,10.0
カズヒロ,1945/07/06,,,,,10.0
ミスズ,1947/06/08,,,,,10.0
モネ,2000/08/11,,,,,10.0
ヒデユキ,1994/07/11,,,,,10.0
アユキ,2012/05/20,,,,,10.0
ナナコ,1990/03/07,,,,,10.0
アスカ,1976/04/30,,,,,10.0
タエコ,1923/11/04,,,,,10.0
ハルオ,1936/03/06,,,,,10.0
ユウゾウ,1998/04/30,,,,,10.0
ミナエ,1956/12/14,,,,,10.0
サワ,1960/12/23,,,,,10.0
マナミ,1927/04/08,,,,,10.0
トシエ,1926/08/07,,,,,10.0
ソウヤ,2004/05/06,,,,,10.0
ヒロコ,1957/06/07,,,,,10.0
サトシ,1924/01/08,,,,,10.0
クニオ,1925/04/13,,,,,10.0
ヒサシ,1946/07/21,,,,,10.0
ワカバ,1987/07/07,,,,,10.0
サツキ,2005/12/22,,,,,10.0
モモカ,1937/01/09,,,,,10.0
キヨ,1963/08/26,,,,,10.0
マサヒコ,1949/01/09,,,,,10.0
エイイチ,1957/11/28,,,,,10.0
タケシ,1979/09/19,,,,,10.0
ヨシカズ,1962/09/03,,,,,10.0
ジロウ,1942/11/08,,,,,10.0
ヒロキ,2006/11/05,,,,,10.0
トシツグ,1977/01/08,,,,,10.0
ケンイチ,1955/02/24,,,,,10.0
ヤスコ,1934/10/17,,,,,10.0
マオ,1967/05/25,,,,,10.0
ミツヨ,1939/02/08,,,,,10.0
カオル,2001/01/28,,,,,10.0
イクヨ,1924/06/29,,,,,10.0
アツシ,1954/10/04,,,,,10.0
ミチコ,2005/05/21,,,,,10.0
ハルカ,1929/01/26,,,,,10.0
ヒロカズ,1951/10/24,,,,,10.0
アユ,1929/12/14,,,,,10.0
サホコ,2017/09/14,,,,,10.0
タカシ,1953/11/24,,,,,10.0
アカネ,1954/02/14,,,,,10.0
ナオ,1949/06/16,,,,,10.0
アオバ,2002/03/01,,,,,10.0
ユイ,1968/05/13,,,,,10.0
アサミ,1994/07/12,,,,,10.0
シンジ,1923/03/05,,,,,10.0
カヨコ,1977/12/01,,,,,10.0
トキコ,1979/05/14,,,,,10.0
リン,1932/08/14,,,,,10.0
ショウ,1997/11/27,,,,,10.0
ミナミ,1924/07/02,,,,,10.0
ナナミ,2004/03/05,,,,,10.0
ヤスオ,1955/07/20,,,,,10.0
サヤ,1961/05/06,,,,,10.0
イツキ,2014/01/01,,,,,10.0
ノボル,1932/02/14,,,,,10.0
ナノ,1997/11/23,,,,,10.0
タカアキ,1922/04/08,,,,,10.0
シュウジ,1954/10/31,,,,,10.0
キタロウ,1960/01/08,,,,,10.0
リオ,1994/06/04,,,,,10.0
リカ,1974/10/31,,,,,10.0
ココネ,1994/05/25,,,,,10.0
サヤカ,1978/09/29,,,,,10.0
ウシオ,2015/07/22,,,,,10.0
ユウキチ,1991/11/24,,,,,10.0
カズハ,1966/09/29,,,,,10.0
フジオ,1951/02/27,,,,,10.0
タカオ,1937/06/03,,,,,10.0
サトシ,1935/01/01,,,,,10.0
ユキコ,1962/01/01,,,,,10.0
トシノブ,1937/10/05,,,,,10.0
ユカ,1935/10/23,,,,,10.0
コウスケ,1978/06/25,,,,,10.0
チアキ,2018/04/19,,,,,10.0
ヒサノリ,1923/02/09,,,,,10.0
サヤ,1959/08/30,,,,,10.0
ジュン,1921/04/02,,,,,10.0
タケジ,1953/03/02,,,,,10.0
ヒコタロウ,1923/02/14,,,,,10.0
リサ,1968/03/04,,,,,10.0
ハル,1989/02/27,,,,,10.0
モエ,2018/10/29,,,,,10.0
ミカ,1978/06/05,,,,,10.0
エイジ,1938/01/12,,,,,10.0
ヨシオ,1975/11/10,,,,,10.0
カコ,2012/11/11,,,,,10.0
カナ,1937/02/25,,,,,10.0
エイタロウ,1956/08/20,,,,,10.0
リノ,1979/08/02,,,,,10.0
ハルオミ,2001/07/28,,,,,10.0
ショウゾウ,1988/10/10,,,,,10.0
ジロウ,1923/01/04,,,,,10.0
ユキヒコ,1927/06/08,,,,,10.0
トシヒト,1946/01/10,,,,,10.0
コウダイ,2014/01/27,,,,,10.0
タイキ,2009/10/12,,,,,10.0
ミノキ,2020/08/06,,,,,10.0
ユヅキ,1945/01/19,,,,,10.0
ホノカ,1969/08/05,,,,,10.0
ナオ,1981/12/23,,,,,10.0
カツミ,1973/09/29,,,,,10.0
ナオ,2009/07/24,,,,,10.0
ケンイチ,1933/10/19,,,,,10.0
シンキチ,1997/01/12,,,,,10.0
ソウタロウ,2010/11/01,,,,,10.0
ヒサコ,1936/12/01,,,,,10.0
モトオ,1966/11/16,,,,,10.0
トヨカズ,1946/05/29,,,,,10.0
マキ,1929/11/19,,,,,10.0
ヒロト,2019/10/18,,,,,10.0
アイカ,2013/10/06,,,,,10.0
ヒロ,1948/07/13,,,,,10.0
ミユキ,1978/07/19,,,,,10.0
ユメ,1943/12/28,,,,,10.0
キヨシ,1995/07/19,,,,,10.0
リョウタ,1979/06/28,,,,,10.0
アキコ,2017/05/17,,,,,10.0
カナ,1952/09/11,,,,,10.0
ホノカ,1942/08/20,,,,,10.0
サクラ,2008/09/25,,,,,10.0
カズヒコ,1957/07/05,,,,,10.0
ハルネ,2018/01/18,,,,,10.0
ヨシオ,1936/01/30,,,,,10.0
ショウヘイ,1938/07/09,,,,,10.0
ノゾミ,2020/06/22,,,,,10.0
トシコ,1988/05/30,,,,,10.0
ヨシユキ,1948/10/02,,,,,10.0
タカフミ,1959/07/09,,,,,10.0
サラ,1952/03/24,,,,,10.0
ケイイチ,1992/01/22,,,,,10.0
ヤスオ,1976/02/20,,,,,10.0
マユ,1988/06/18,,,,,10.0
アカネ,2000/12/22,,,,,10.0
アカリ,1975/01/24,,,,,10.0
ケイジ,1921/08/29,,,,,10.0
サトコ,1952/09/05,,,,,10.0
タクミ,1948/03/01,,,,,10.0
ヨシアキ,1987/05/10,,,,,10.0
ミツマサ,1950/04/08,,,,,10.0
ヒサオ,1951/05/25,,,,,10.0
キンノスケ,1929/04/03,,,,,10.0
ハルナ,2010/01/17,,,,,10.0
ナオコ,1928/07/12,,,,,10.0
ヒデユキ,1935/11/14,,,,,10.0
エミリ,2000/08/09,,,,,10.0
ツネアキ,1921/09/01,,,,,10.0
ヘイイチ,1974/06/19,,,,,10.0
ナツミ,1941/07/25,,,,,10.0
ハルカ,1959/11/10,,,,,10.0
ユキエ,1958/04/24,,,,,10.0
イクミ,1940/10/01,,,,,10.0
リン,2008/07/24,,,,,10.0
コウセイ,2005/10/19,,,,,10.0
マオ,1976/06/11,,,,,10.0
ショウジ,1955/04/11,,,,,10.0
ミコト,1957/08/27,,,,,10.0
ミチオ,1946/12/14,,,,,10.0
マサシ,1938/10/24,,,,,10.0
リノ,2004/02/02,,,,,10.0
ヨウジ,1930/05/09,,,,,10.0
イチカ,2009/08/19,,,,,10.0
タツオ,2001/03/18,,,,,10.0
マコ,1977/09/28,,,,,10.0
シロウ,1921/03/17,,,,,10.0
ヒカル,1963/03/29,,,,,10.0
リホ,1995/02/21,,,,,10.0
コウヘイ,2014/12/08,,,,,10.0
アキト,2004/06/13,,,,,10.0
サダオ,1943/09/01,,,,,10.0
アリマサ,1936/07/29,,,,,10.0
ハジメ,1984/11/04,,,,,10.0
サクラ,1983/08/07,,,,,10.0
タクヤ,1969/09/22,,,,,10.0
ヨウコ,2000/04/22,,,,,10.0
トシオ,1923/11/25,,,,,10.0
ミエコ,1939/12/29,,,,,10.0
アイネ,1971/07/16,,,,,10.0
イツコ,1951/12/17,,,,,10.0
ヒトミ,1980/01/01,,,,,10.0
リュウヘイ,1973/08/07,,,,,10.0
ヨシヒコ,1994/10/13,,,,,10.0
ヨシオ,1980/08/09,,,,,10.0
ショウイチ,1979/02/15,,,,,10.0
シャナ,2017/12/19,,,,,10.0
ユメ,1936/10/03,,,,,10.0
ナリヤス,1930/07/30,,,,,10.0
トメコ,1925/12/19,,,,,10.0
タケジ,1922/10/27,,,,,10.0
ヨシヒロ,1940/07/24,,,,,10.0
ヘイキチ,1976/02/08,,,,,10.0
トモヒロ,1925/12/26,,,,,10.0
ケイジ,1926/07/15,,,,,10.0
マイカ,1925/10/11,,,,,10.0
ユイ,1972/09/22,,,,,10.0
タダオ,1938/08/09,,,,,10.0
リュウコウ,1944/11/03,,,,,10.0
オトハ,1941/10/19,,,,,10.0
オウマ,2010/09/03,,,,,10.0
キヨシ,1930/01/20,,,,,10.0
ヒロミ,1934/11/29,,,,,10.0
カツミ,1982/12/21,,,,,10.0
ライム,2011/01/19,,,,,10.0
アイコ,2003/06/04,,,,,10.0
レン,1975/06/27,,,,,10.0
チアキ,1927/05/27,,,,,10.0
ユキエ,1954/06/09,,,,,10.0
エイキチ,1924/11/18,,,,,10.0
テルミ,1934/03/15,,,,,10.0
カナコ,2002/01/18,,,,,10.0
ハルカ,1988/09/26,,,,,10.0
ミク,1951/06/28,,,,,10.0
ヒカル,1963/07/23,,,,,10.0
ハナ,1929/03/30,,,,,10.0
シンヤ,1951/07/16,,,,,10.0
ヒロト,2019/03/20,,,,,10.0
ソラ,2014/10/25,,,,,10.0
マコト,2002/06/18,,,,,10.0
トア,2003/12/27,,,,,10.0
ナナミ,1968/08/02,,,,,10.0
マイ,1932/05/20,,,,,10.0
ヒトシ,1975/08/31,,,,,10.0
ゼンジロウ,1967/11/02,,,,,10.0
サダオ,2000/06/26,,,,,10.0
ショウキチ,1965/02/12,,,,,10.0
モエカ,1974/06/03,,,,,10.0
チハル,1988/09/08,,,,,10.0
ユウリ,2018/09/02,,,,,10.0
トシコ,2005/04/05,,,,,10.0
カズヒト,1966/02/08,,,,,10.0
ユタカ,1944/12/08,,,,,10.0
サトシ,1950/05/19,,,,,10.0
カリン,2015/01/19,,,,,10.0
ユウジ,1953/01/05,,,,,10.0
ナギホ,1966/05/24,,,,,10.0
カリン,1951/01/05,,,,,10.0
ムツミ,2004/03/30,,,,,10.0
リョウコ,1978/02/24,,,,,10.0
ヒロト,1997/04/29,,,,,10.0
ミツオ,1960/10/17,,,,,10.0
チュウキチ,1936/09/08,,,,,10.0
コウキチ,1996/11/25,,,,,10.0
マサシ,1927/04/16,,,,,10.0
ラン,1995/06/22,,,,,10.0
レイ,2004/01/03,,,,,10.0
サトシ,1961/02/22,,,,,10.0
リュウイチ,1981/09/27,,,,,10.0
ゲンキ,2004/06/01,,,,,10.0
マユミ,1964/01/13,,,,,10.0
シズク,2013/05/14,,,,,10.0
ユウミ,2012/03/06,,,,,10.0
タイジ,1962/01/08,,,,,10.0
キヨシ,1929/09/08,,,,,10.0
キヨコ,1968/11/01,,,,,10.0
マユコ,1960/03/12,,,,,10.0
リョウタ,1958/07/02,,,,,10.0
ショウジ,1982/09/26,,,,,10.0
リョウガ,1997/03/07,,,,,10.0
サエコ,2008/05/03,,,,,10.0
ユウゾウ,1929/05/08,,,,,10.0
トオル,2000/12/30,,,,,10.0
ジュリ,1935/04/12,,,,,10.0
マユ,1999/08/18,,,,,10.0
ノブオ,1980/08/09,,,,,10.0
ツギオ,1985/07/22,,,,,10.0
チエ,1958/08/10,,,,,10.0
アヤコ,1950/06/30,,,,,10.0
トウカ,2019/12/08,,,,,10.0
タカコ,1934/11/24,,,,,10.0
ソウマ,2018/01/19,,,,,10.0
ナツキ,2002/05/23,,,,,10.0
ヒロアキ,2004/06/21,,,,,10.0
ノリヒサ,1968/09/15,,,,,10.0
セイジ,1929/08/22,,,,,10.0
マイ,1964/12/10,,,,,10.0
モモエ,1942/12/08,,,,,10.0
サダオ,1998/10/07,,,,,10.0
マサシ,1971/10/02,,,,,10.0
カズハ,2018/10/14,,,,,10.0
アンジュ,2005/11/16,,,,,10.0
アコ,1953/01/05,,,,,10.0
ミドリ,1921/02/25,,,,,10.0
サナ,1951/08/27,,,,,10.0
ミレイ,1971/08/23,,,,,10.0
シホ,1975/05/20,,,,,10.0
リョウキチ,1926/11/27,,,,,10.0
サナ,1978/03/03,,,,,10.0
シノ,1983/01/25,,,,,10.0
コトコ,2013/08/07,,,,,10.0
ショウゴ,1952/05/27,,,,,10.0
コトミ,2018/06/13,,,,,10.0
アキホ,2018/07/09,,,,,10.0
ユウジ,1958/03/10,,,,,10.0
アカリ,1941/06/12,,,,,10.0
タケシ,1954/12/02,,,,,10.0
ミキ,1940/05/02,,,,,10.0
スカイ,2003/12/27,,,,,10.0
モモカ,1928/07/10,,,,,10.0
ヒイロ,2010/10/21,,,,,10.0
ナギサ,1934/09/21,,,,,10.0
ショウタ,2011/03/24,,,,,10.0
エミ,1979/06/13,,,,,10.0
ハナユ,1939/09/24,,,,,10.0
ユウイチ,1967/02/18,,,,,10.0
ジュンコ,1951/09/05,,,,,10.0
コウサク,1932/11/30,,,,,10.0
ナノカ,2020/05/30,,,,,10.0
ミク,1943/04/22,,,,,10.0
ケイコ,1932/08/15,,,,,10.0
コハル,2005/12/03,,,,,10.0
アヤカ,1941/03/17,,,,,10.0
ケンジロウ,2016/07/23,,,,,10.0
ヨシミ,1957/09/09,,,,,10.0
タロウ,1969/12/27,,,,,10.0
シンジ,1959/06/17,,,,,10.0
カホ,1953/09/30,,,,,10.0
トオル,1920/11/14,,,,,10.0
ナホミ,1926/12/05,,,,,10.0
ユイナ,1951/05/03,,,,,10.0
ハルヒコ,1943/09/12,,,,,10.0
ヒフミ,1975/02/19,,,,,10.0
ノリコ,1975/08/02,,,,,10.0
ナルキ,2016/02/07,,,,,10.0
ケンゾウ,1927/12/22,,,,,10.0
アキノリ,1990/12/08,,,,,10.0
アヤネ,1928/12/04,,,,,10.0
セナ,2003/12/22,,,,,10.0
ヨシオ,1983/08/09,,,,,10.0
ケイ,1962/10/07,,,,,10.0
マユ,1967/09/19,,,,,10.0
ショウイチロウ,1965/01/08,,,,,10.0
ルミコ,1988/05/08,,,,,10.0
ヒロコ,2010/10/19,,,,,10.0
ナナ,1978/04/05,,,,,10.0
ハルト,1997/08/12,,,,,10.0
シュント,2015/05/05,,,,,10.0
ハルヒ,2019/10/14,,,,,10.0
コウイチ,1948/05/14,,,,,10.0
カレン,1932/08/29,,,,,10.0
チエ,1923/10/13,,,,,10.0
ナギサ,2005/08/02,,,,,10.0
サダオ,1929/02/27,,,,,10.0
トウジョウ,1921/09/04,,,,,10.0
ソウヤ,2005/07/16,,,,,10.0
メイ,1988/01/23,,,,,10.0
モモカ,1985/10/31,,,,,10.0
フクタロウ,1937/02/23,,,,,10.0
ヨウイチ,1966/08/22,,,,,10.0
アヤカ,1957/05/27,,,,,10.0
ヤスヒロ,1994/04/23,,,,,10.0
マスミ,2002/11/05,,,,,10.0
ジュンペイ,2016/04/22,,,,,10.0
ミク,1964/09/03,,,,,10.0
ナツミ,1990/11/16,,,,,10.0
リカ,1933/10/05,,,,,10.0
ヤスオ,1953/07/07,,,,,10.0
マサエ,1952/10/17,,,,,10.0
チカ,1923/08/17,,,,,10.0
ヒマワリ,2009/10/30,,,,,10.0
マサコ,1954/01/22,,,,,10.0
ケンジ,1997/02/03,,,,,10.0
リオ,1929/08/25,,,,,10.0
メミ,2013/07/28,,,,,10.0
ミキコ,1932/01/14,,,,,10.0
トシオ,1991/07/20,,,,,10.0
ヒサシ,1979/06/20,,,,,10.0
サキコ,1984/02/18,,,,,10.0
ヤスオ,1992/11/13,,,,,10.0
タカシ,1973/07/01,,,,,10.0
アン,2020/05/21,,,,,10.0
ヨネキチ,1953/03/21,,,,,10.0
マサヨシ,1927/07/10,,,,,10.0
マコト,1948/12/06,,,,,10.0
ユミ,1981/03/05,,,,,10.0
カオリ,1945/11/04,,,,,10.0
シンゴ,2007/10/28,,,,,10.0
ルナ,1995/10/08,,,,,10.0
シュウセイ,2009/12/09,,,,,10.0
アヤノ,1921/07/15,,,,,10.0
チョウジ,1951/07/12,,,,,10.0
シゲユキ,1953/10/09,,,,,10.0
ユズカ,1992/01/10,,,,,10.0
サラ,1986/02/03,,,,,10.0
タカノリ,1959/05/07,,,,,10.0
ミチヨ,1954/11/20,,,,,10.0
ヨシコ,1976/06/16,,,,,10.0
ミア,1939/12/06,,,,,10.0
ヒヨリ,1966/11/15,,,,,10.0
マサシ,1991/04/25,,,,,10.0
マサユキ,1966/11/15,,,,,10.0
マサノブ,1976/10/02,,,,,10.0
リンナ,2018/01/18,,,,,10.0
ミア,1992/10/31,,,,,10.0
セイラ,2015/11/27,,,,,10.0
ヒロアキ,1991/01/06,,,,,10.0
ネネ,1951/04/30,,,,,10.0
カノン,1925/08/02,,,,,10.0
ヒデキ,2005/11/25,,,,,10.0
マホ,1974/04/27,,,,,10.0
シズオ,1962/12/19,,,,,10.0
リト,2010/12/12,,,,,10.0
ヒロユキ,1963/07/27,,,,,10.0
ヤスオ,1929/08/30,,,,,10.0
レイナ,1963/04/13,,,,,10.0
カンナ,2015/10/29,,,,,10.0
カノ,1988/12/20,,,,,10.0
アズミ,1991/08/05,,,,,10.0
カナコ,1950/08/03,,,,,10.0
フジコ,1934/05/20,,,,,10.0
アキオ,1949/05/18,,,,,10.0
チョウヘイ,1921/04/28,,,,,10.0
タツユキ,1958/02/10,,,,,10.0
タケヒデ,1944/12/02,,,,,10.0
ショウヘイ,1928/12/01,,,,,10.0
サダオ,1948/07/29,,,,,10.0
ナオヤ,2019/06/02,,,,,10.0
ユウハ,2002/07/09,,,,,10.0
アユミ,1970/06/14,,,,,10.0
ユリ,1981/10/06,,,,,10.0
トオル,1992/02/17,,,,,10.0
トシコ,1995/12/16,,,,,10.0
ナツキ,2004/07/13,,,,,10.0
カホ,1995/04/22,,,,,10.0
トシヒコ,1979/04/19,,,,,10.0
トモコ,1941/05/04,,,,,10.0
トシタダ,2002/02/16,,,,,10.0
ライム,2017/12/27,,,,,10.0
キヨシ,1948/03/06,,,,,10.0
ヒロジ,1964/10/20,,,,,10.0
ヨシオ,1994/06/30,,,,,10.0
トシオ,1968/04/19,,,,,10.0
キヨシ,1939/01/28,,,,,10.0
ヒデアキ,1989/11/17,,,,,10.0
アスカ,2016/08/25,,,,,10.0
ショウイチ,1986/10/30,,,,,10.0
ユイ,1945/01/30,,,,,10.0
ヒトシ,2006/01/03,,,,,10.0
イチロウ,1970/05/15,,,,,10.0
トシカズ,1994/07/11,,,,,10.0
ユウタ,1978/07/08,,,,,10.0
ヒサオ,1962/08/24,,,,,10.0
ユウ,1987/10/20,,,,,10.0
マサアキ,1956/10/21,,,,,10.0
タイヨウ,1953/08/09,,,,,10.0
ネネ,1934/08/08,,,,,10.0
スエジ,1975/10/11,,,,,10.0
ハルナ,1948/05/12,,,,,10.0
ミユキ,1930/03/14,,,,,10.0
リナ,1973/10/27,,,,,10.0
マサコ,1927/10/19,,,,,10.0
ナツコ,1985/08/13,,,,,10.0
イチロウ,1927/01/03,,,,,10.0
ルナ,1984/05/15,,,,,10.0
ミズキ,1960/07/02,,,,,10.0
キヨコ,1980/05/22,,,,,10.0
マサヨシ,1944/02/20,,,,,10.0
ミツキ,2006/11/22,,,,,10.0
サユリ,1981/08/11,,,,,10.0
トモヒロ,1985/12/02,,,,,10.0
ユミコ,1938/02/03,,,,,10.0
ヨシアキ,1936/05/06,,,,,10.0
クルミ,1936/06/26,,,,,10.0
ミユ,2015/03/17,,,,,10.0
ミハル,1925/06/15,,,,,10.0
タダシ,1925/07/24,,,,,10.0
ユリ,1956/04/25,,,,,10.0
コウジ,1922/02/06,,,,,10.0
ミズキ,1970/06/12,,,,,10.0
ゼンジロウ,1972/02/01,,,,,10.0
ヒヨリ,1974/12/16,,,,,10.0
ヨシユキ,1954/04/26,,,,,10.0
カホ,1924/11/13,,,,,10.0
サキコ,1941/06/19,,,,,10.0
